n,period,r_n
1,2,2.994904813477495
2,4,3.0429985995336795
3,8,3.043238647543281
4,16,3.0437187435624846
5,32,3.043958791572087
